filename,label
Amoxicillin 500 MG (1) - Copy - Copy.jpg,Amoxicillin 500 MG
Amoxicillin 500 MG (1) - Copy.jpg,Amoxicillin 500 MG
Amoxicillin 500 MG (1).jpg,Amoxicillin 500 MG
Amoxicillin 500 MG (10) - Copy - Copy.jpg,Amoxicillin 500 MG
Amoxicillin 500 MG (10) - Copy.jpg,Amoxicillin 500 MG
Amoxicillin 500 MG (10).jpg,Amoxicillin 500 MG
Amoxicillin 500 MG (11) - Copy - Copy.jpg,Amoxicillin 500 MG
Amoxicillin 500 MG (11) - Copy.jpg,Amoxicillin 500 MG
Amoxicillin 500 MG (11).jpg,Amoxicillin 500 MG
Amoxicillin 500 MG (12) - Copy - Copy.jpg,Amoxicillin 500 MG
Amoxicillin 500 MG (12) - Copy.jpg,Amoxicillin 500 MG
Amoxicillin 500 MG (12).jpg,Amoxicillin 500 MG
Amoxicillin 500 MG (13) - Copy - Copy.jpg,Amoxicillin 500 MG
Amoxicillin 500 MG (13) - Copy.jpg,Amoxicillin 500 MG
Amoxicillin 500 MG (14) - Copy.jpg,Amoxicillin 500 MG
Amoxicillin 500 MG (15) - Copy.jpg,Amoxicillin 500 MG
Amoxicillin 500 MG (16) - Copy.jpg,Amoxicillin 500 MG
Amoxicillin 500 MG (17) - Copy.jpg,Amoxicillin 500 MG
Amoxicillin 500 MG (18) - Copy.jpg,Amoxicillin 500 MG
Amoxicillin 500 MG (19) - Copy.jpg,Amoxicillin 500 MG
Amoxicillin 500 MG (2) - Copy - Copy - Copy.jpg,Amoxicillin 500 MG
Amoxicillin 500 MG (2) - Copy - Copy.jpg,Amoxicillin 500 MG
Amoxicillin 500 MG (2) - Copy.jpg,Amoxicillin 500 MG
Amoxicillin 500 MG (2).jpg,Amoxicillin 500 MG
Amoxicillin 500 MG (20) - Copy.jpg,Amoxicillin 500 MG
Amoxicillin 500 MG (21) - Copy.jpg,Amoxicillin 500 MG
Amoxicillin 500 MG (22) - Copy.jpg,Amoxicillin 500 MG
Amoxicillin 500 MG (23) - Copy.jpg,Amoxicillin 500 MG
Amoxicillin 500 MG (24) - Copy.jpg,Amoxicillin 500 MG
Amoxicillin 500 MG (3) - Copy - Copy.jpg,Amoxicillin 500 MG
Amoxicillin 500 MG (3) - Copy.jpg,Amoxicillin 500 MG
Amoxicillin 500 MG (3).jpg,Amoxicillin 500 MG
Amoxicillin 500 MG (4) - Copy - Copy.jpg,Amoxicillin 500 MG
Amoxicillin 500 MG (4) - Copy.jpg,Amoxicillin 500 MG
Amoxicillin 500 MG (4).jpg,Amoxicillin 500 MG
Amoxicillin 500 MG (5) - Copy - Copy.jpg,Amoxicillin 500 MG
Amoxicillin 500 MG (5) - Copy.jpg,Amoxicillin 500 MG
Amoxicillin 500 MG (5).jpg,Amoxicillin 500 MG
Amoxicillin 500 MG (6) - Copy - Copy.jpg,Amoxicillin 500 MG
Amoxicillin 500 MG (6) - Copy.jpg,Amoxicillin 500 MG
Amoxicillin 500 MG (6).jpg,Amoxicillin 500 MG
Amoxicillin 500 MG (7) - Copy - Copy.jpg,Amoxicillin 500 MG
Amoxicillin 500 MG (7) - Copy.jpg,Amoxicillin 500 MG
Amoxicillin 500 MG (7).jpg,Amoxicillin 500 MG
Amoxicillin 500 MG (8) - Copy - Copy.jpg,Amoxicillin 500 MG
Amoxicillin 500 MG (8) - Copy.jpg,Amoxicillin 500 MG
Amoxicillin 500 MG (8).jpg,Amoxicillin 500 MG
Amoxicillin 500 MG (9) - Copy - Copy.jpg,Amoxicillin 500 MG
Amoxicillin 500 MG (9) - Copy.jpg,Amoxicillin 500 MG
Amoxicillin 500 MG (9).jpg,Amoxicillin 500 MG
apixaban 2.5 MG (1) - Copy - Copy.jpg,apixaban 2.5 MG
apixaban 2.5 MG (1) - Copy.jpg,apixaban 2.5 MG
apixaban 2.5 MG (1).jpg,apixaban 2.5 MG
apixaban 2.5 MG (10) - Copy - Copy.jpg,apixaban 2.5 MG
apixaban 2.5 MG (10) - Copy.jpg,apixaban 2.5 MG
apixaban 2.5 MG (10).jpg,apixaban 2.5 MG
apixaban 2.5 MG (11) - Copy - Copy.jpg,apixaban 2.5 MG
apixaban 2.5 MG (11) - Copy.jpg,apixaban 2.5 MG
apixaban 2.5 MG (11).jpg,apixaban 2.5 MG
apixaban 2.5 MG (12) - Copy - Copy.jpg,apixaban 2.5 MG
apixaban 2.5 MG (12) - Copy.jpg,apixaban 2.5 MG
apixaban 2.5 MG (12).jpg,apixaban 2.5 MG
apixaban 2.5 MG (13) - Copy - Copy.jpg,apixaban 2.5 MG
apixaban 2.5 MG (13) - Copy.jpg,apixaban 2.5 MG
apixaban 2.5 MG (13).jpg,apixaban 2.5 MG
apixaban 2.5 MG (14) - Copy.jpg,apixaban 2.5 MG
apixaban 2.5 MG (15) - Copy.jpg,apixaban 2.5 MG
apixaban 2.5 MG (16) - Copy.jpg,apixaban 2.5 MG
apixaban 2.5 MG (17) - Copy.jpg,apixaban 2.5 MG
apixaban 2.5 MG (18) - Copy.jpg,apixaban 2.5 MG
apixaban 2.5 MG (19) - Copy.jpg,apixaban 2.5 MG
apixaban 2.5 MG (2) - Copy - Copy.jpg,apixaban 2.5 MG
apixaban 2.5 MG (2) - Copy.jpg,apixaban 2.5 MG
apixaban 2.5 MG (2).jpg,apixaban 2.5 MG
apixaban 2.5 MG (20) - Copy.jpg,apixaban 2.5 MG
apixaban 2.5 MG (21) - Copy.jpg,apixaban 2.5 MG
apixaban 2.5 MG (22) - Copy.jpg,apixaban 2.5 MG
apixaban 2.5 MG (23) - Copy.jpg,apixaban 2.5 MG
apixaban 2.5 MG (24) - Copy.jpg,apixaban 2.5 MG
apixaban 2.5 MG (25) - Copy.jpg,apixaban 2.5 MG
apixaban 2.5 MG (26) - Copy.jpg,apixaban 2.5 MG
apixaban 2.5 MG (3) - Copy - Copy.jpg,apixaban 2.5 MG
apixaban 2.5 MG (3) - Copy.jpg,apixaban 2.5 MG
apixaban 2.5 MG (3).jpg,apixaban 2.5 MG
apixaban 2.5 MG (4) - Copy - Copy.jpg,apixaban 2.5 MG
apixaban 2.5 MG (4) - Copy.jpg,apixaban 2.5 MG
apixaban 2.5 MG (4).jpg,apixaban 2.5 MG
apixaban 2.5 MG (5) - Copy - Copy.jpg,apixaban 2.5 MG
apixaban 2.5 MG (5) - Copy.jpg,apixaban 2.5 MG
apixaban 2.5 MG (5).jpg,apixaban 2.5 MG
apixaban 2.5 MG (6) - Copy - Copy.jpg,apixaban 2.5 MG
apixaban 2.5 MG (6) - Copy.jpg,apixaban 2.5 MG
apixaban 2.5 MG (6).jpg,apixaban 2.5 MG
apixaban 2.5 MG (7) - Copy - Copy.jpg,apixaban 2.5 MG
apixaban 2.5 MG (7) - Copy.jpg,apixaban 2.5 MG
apixaban 2.5 MG (7).jpg,apixaban 2.5 MG
apixaban 2.5 MG (8) - Copy - Copy.jpg,apixaban 2.5 MG
apixaban 2.5 MG (8) - Copy.jpg,apixaban 2.5 MG
apixaban 2.5 MG (8).jpg,apixaban 2.5 MG
apixaban 2.5 MG (9) - Copy - Copy.jpg,apixaban 2.5 MG
apixaban 2.5 MG (9) - Copy.jpg,apixaban 2.5 MG
apixaban 2.5 MG (9).jpg,apixaban 2.5 MG
aprepitant 80 MG (1) - Copy - Copy.jpg,aprepitant 80 MG
aprepitant 80 MG (1) - Copy.jpg,aprepitant 80 MG
aprepitant 80 MG (1).jpg,aprepitant 80 MG
aprepitant 80 MG (10) - Copy - Copy.jpg,aprepitant 80 MG
aprepitant 80 MG (10) - Copy.jpg,aprepitant 80 MG
aprepitant 80 MG (10).jpg,aprepitant 80 MG
aprepitant 80 MG (11) - Copy - Copy - Copy.jpg,aprepitant 80 MG
aprepitant 80 MG (11) - Copy - Copy.jpg,aprepitant 80 MG
aprepitant 80 MG (11) - Copy.jpg,aprepitant 80 MG
aprepitant 80 MG (11).jpg,aprepitant 80 MG
aprepitant 80 MG (12) - Copy - Copy.jpg,aprepitant 80 MG
aprepitant 80 MG (12) - Copy.jpg,aprepitant 80 MG
aprepitant 80 MG (12).jpg,aprepitant 80 MG
aprepitant 80 MG (13) - Copy - Copy.jpg,aprepitant 80 MG
aprepitant 80 MG (13) - Copy.jpg,aprepitant 80 MG
aprepitant 80 MG (13).jpg,aprepitant 80 MG
aprepitant 80 MG (14) - Copy - Copy.jpg,aprepitant 80 MG
aprepitant 80 MG (14) - Copy.jpg,aprepitant 80 MG
aprepitant 80 MG (15) - Copy.jpg,aprepitant 80 MG
aprepitant 80 MG (16) - Copy.jpg,aprepitant 80 MG
aprepitant 80 MG (17) - Copy.jpg,aprepitant 80 MG
aprepitant 80 MG (18) - Copy.jpg,aprepitant 80 MG
aprepitant 80 MG (19) - Copy.jpg,aprepitant 80 MG
aprepitant 80 MG (2) - Copy - Copy.jpg,aprepitant 80 MG
aprepitant 80 MG (2) - Copy.jpg,aprepitant 80 MG
aprepitant 80 MG (2).jpg,aprepitant 80 MG
aprepitant 80 MG (20) - Copy.jpg,aprepitant 80 MG
aprepitant 80 MG (21) - Copy.jpg,aprepitant 80 MG
aprepitant 80 MG (22) - Copy.jpg,aprepitant 80 MG
aprepitant 80 MG (23) - Copy.jpg,aprepitant 80 MG
aprepitant 80 MG (24) - Copy.jpg,aprepitant 80 MG
aprepitant 80 MG (25) - Copy.jpg,aprepitant 80 MG
aprepitant 80 MG (26) - Copy.jpg,aprepitant 80 MG
aprepitant 80 MG (27) - Copy.jpg,aprepitant 80 MG
aprepitant 80 MG (28) - Copy.jpg,aprepitant 80 MG
aprepitant 80 MG (29) - Copy.jpg,aprepitant 80 MG
aprepitant 80 MG (3) - Copy - Copy.jpg,aprepitant 80 MG
aprepitant 80 MG (3) - Copy.jpg,aprepitant 80 MG
aprepitant 80 MG (3).jpg,aprepitant 80 MG
aprepitant 80 MG (30) - Copy.jpg,aprepitant 80 MG
aprepitant 80 MG (31) - Copy.jpg,aprepitant 80 MG
aprepitant 80 MG (4) - Copy - Copy.jpg,aprepitant 80 MG
aprepitant 80 MG (4) - Copy.jpg,aprepitant 80 MG
aprepitant 80 MG (4).jpg,aprepitant 80 MG
aprepitant 80 MG (5) - Copy - Copy.jpg,aprepitant 80 MG
aprepitant 80 MG (5) - Copy.jpg,aprepitant 80 MG
aprepitant 80 MG (5).jpg,aprepitant 80 MG
aprepitant 80 MG (6) - Copy - Copy.jpg,aprepitant 80 MG
aprepitant 80 MG (6) - Copy.jpg,aprepitant 80 MG
aprepitant 80 MG (6).jpg,aprepitant 80 MG
aprepitant 80 MG (7) - Copy - Copy.jpg,aprepitant 80 MG
aprepitant 80 MG (7) - Copy.jpg,aprepitant 80 MG
aprepitant 80 MG (7).jpg,aprepitant 80 MG
aprepitant 80 MG (8) - Copy - Copy - Copy - Copy.jpg,aprepitant 80 MG
aprepitant 80 MG (8) - Copy - Copy - Copy.jpg,aprepitant 80 MG
aprepitant 80 MG (8) - Copy - Copy.jpg,aprepitant 80 MG
aprepitant 80 MG (8) - Copy.jpg,aprepitant 80 MG
aprepitant 80 MG (8).jpg,aprepitant 80 MG
aprepitant 80 MG (9) - Copy - Copy - Copy.jpg,aprepitant 80 MG
aprepitant 80 MG (9) - Copy - Copy.jpg,aprepitant 80 MG
aprepitant 80 MG (9) - Copy.jpg,aprepitant 80 MG
aprepitant 80 MG (9).jpg,aprepitant 80 MG
0002-3228_0_1 - Copy (2).jpg,Atomoxetine 25 MG
0002-3228_0_1 - Copy - Copy.jpg,Atomoxetine 25 MG
0002-3228_0_1 - Copy.jpg,Atomoxetine 25 MG
0002-3228_0_1.jpg,Atomoxetine 25 MG
Atomoxetine 25 MG (1) - Copy - Copy.jpg,Atomoxetine 25 MG
Atomoxetine 25 MG (1) - Copy.jpg,Atomoxetine 25 MG
Atomoxetine 25 MG (1).jpg,Atomoxetine 25 MG
Atomoxetine 25 MG (10) - Copy - Copy.jpg,Atomoxetine 25 MG
Atomoxetine 25 MG (10) - Copy.jpg,Atomoxetine 25 MG
Atomoxetine 25 MG (10).jpg,Atomoxetine 25 MG
Atomoxetine 25 MG (11) - Copy - Copy.jpg,Atomoxetine 25 MG
Atomoxetine 25 MG (11) - Copy.jpg,Atomoxetine 25 MG
Atomoxetine 25 MG (11).jpg,Atomoxetine 25 MG
Atomoxetine 25 MG (12) - Copy - Copy.jpg,Atomoxetine 25 MG
Atomoxetine 25 MG (12) - Copy.jpg,Atomoxetine 25 MG
Atomoxetine 25 MG (12).jpg,Atomoxetine 25 MG
Atomoxetine 25 MG (13) - Copy - Copy.jpg,Atomoxetine 25 MG
Atomoxetine 25 MG (13) - Copy.jpg,Atomoxetine 25 MG
Atomoxetine 25 MG (13).jpg,Atomoxetine 25 MG
Atomoxetine 25 MG (14) - Copy.jpg,Atomoxetine 25 MG
Atomoxetine 25 MG (15) - Copy.jpg,Atomoxetine 25 MG
Atomoxetine 25 MG (16) - Copy.jpg,Atomoxetine 25 MG
Atomoxetine 25 MG (17) - Copy.jpg,Atomoxetine 25 MG
Atomoxetine 25 MG (18) - Copy.jpg,Atomoxetine 25 MG
Atomoxetine 25 MG (19) - Copy.jpg,Atomoxetine 25 MG
Atomoxetine 25 MG (2) - Copy - Copy.jpg,Atomoxetine 25 MG
Atomoxetine 25 MG (2) - Copy.jpg,Atomoxetine 25 MG
Atomoxetine 25 MG (2).jpg,Atomoxetine 25 MG
Atomoxetine 25 MG (20) - Copy.jpg,Atomoxetine 25 MG
Atomoxetine 25 MG (21) - Copy.jpg,Atomoxetine 25 MG
Atomoxetine 25 MG (22) - Copy.jpg,Atomoxetine 25 MG
Atomoxetine 25 MG (23) - Copy.jpg,Atomoxetine 25 MG
Atomoxetine 25 MG (24) - Copy.jpg,Atomoxetine 25 MG
Atomoxetine 25 MG (25) - Copy.jpg,Atomoxetine 25 MG
Atomoxetine 25 MG (26) - Copy.jpg,Atomoxetine 25 MG
Atomoxetine 25 MG (3) - Copy - Copy.jpg,Atomoxetine 25 MG
Atomoxetine 25 MG (3) - Copy.jpg,Atomoxetine 25 MG
Atomoxetine 25 MG (3).jpg,Atomoxetine 25 MG
Atomoxetine 25 MG (4) - Copy - Copy.jpg,Atomoxetine 25 MG
Atomoxetine 25 MG (4) - Copy.jpg,Atomoxetine 25 MG
Atomoxetine 25 MG (4).jpg,Atomoxetine 25 MG
Atomoxetine 25 MG (5) - Copy - Copy.jpg,Atomoxetine 25 MG
Atomoxetine 25 MG (5) - Copy.jpg,Atomoxetine 25 MG
Atomoxetine 25 MG (5).jpg,Atomoxetine 25 MG
Atomoxetine 25 MG (6) - Copy - Copy.jpg,Atomoxetine 25 MG
Atomoxetine 25 MG (6) - Copy.jpg,Atomoxetine 25 MG
Atomoxetine 25 MG (6).jpg,Atomoxetine 25 MG
Atomoxetine 25 MG (7) - Copy - Copy.jpg,Atomoxetine 25 MG
Atomoxetine 25 MG (7) - Copy.jpg,Atomoxetine 25 MG
Atomoxetine 25 MG (7).jpg,Atomoxetine 25 MG
Atomoxetine 25 MG (8) - Copy - Copy.jpg,Atomoxetine 25 MG
Atomoxetine 25 MG (8) - Copy.jpg,Atomoxetine 25 MG
Atomoxetine 25 MG (8).jpg,Atomoxetine 25 MG
Atomoxetine 25 MG (9) - Copy - Copy.jpg,Atomoxetine 25 MG
Atomoxetine 25 MG (9) - Copy.jpg,Atomoxetine 25 MG
Atomoxetine 25 MG (9).jpg,Atomoxetine 25 MG
69387-119_0_0 - Copy (2).jpg,benzonatate 100 MG
69387-119_0_0 - Copy - Copy.jpg,benzonatate 100 MG
69387-119_0_0 - Copy.jpg,benzonatate 100 MG
69387-119_0_0.jpg,benzonatate 100 MG
69387-119_0_1 - Copy (2).jpg,benzonatate 100 MG
69387-119_0_1 - Copy - Copy.jpg,benzonatate 100 MG
69387-119_0_1 - Copy.jpg,benzonatate 100 MG
69387-119_0_1.jpg,benzonatate 100 MG
benzonatate 100 MG (1) - Copy - Copy.jpg,benzonatate 100 MG
benzonatate 100 MG (1) - Copy.jpg,benzonatate 100 MG
benzonatate 100 MG (1).jpg,benzonatate 100 MG
benzonatate 100 MG (10) - Copy - Copy.jpg,benzonatate 100 MG
benzonatate 100 MG (10) - Copy.jpg,benzonatate 100 MG
benzonatate 100 MG (10).jpg,benzonatate 100 MG
benzonatate 100 MG (11) - Copy - Copy.jpg,benzonatate 100 MG
benzonatate 100 MG (11) - Copy.jpg,benzonatate 100 MG
benzonatate 100 MG (11).jpg,benzonatate 100 MG
benzonatate 100 MG (12) - Copy.jpg,benzonatate 100 MG
benzonatate 100 MG (13) - Copy.jpg,benzonatate 100 MG
benzonatate 100 MG (14) - Copy.jpg,benzonatate 100 MG
benzonatate 100 MG (15) - Copy.jpg,benzonatate 100 MG
benzonatate 100 MG (16) - Copy.jpg,benzonatate 100 MG
benzonatate 100 MG (17) - Copy.jpg,benzonatate 100 MG
benzonatate 100 MG (18) - Copy.jpg,benzonatate 100 MG
benzonatate 100 MG (19) - Copy.jpg,benzonatate 100 MG
benzonatate 100 MG (2) - Copy - Copy.jpg,benzonatate 100 MG
benzonatate 100 MG (2) - Copy.jpg,benzonatate 100 MG
benzonatate 100 MG (2).jpg,benzonatate 100 MG
benzonatate 100 MG (20) - Copy.jpg,benzonatate 100 MG
benzonatate 100 MG (21) - Copy.jpg,benzonatate 100 MG
benzonatate 100 MG (22) - Copy.jpg,benzonatate 100 MG
benzonatate 100 MG (23) - Copy.jpg,benzonatate 100 MG
benzonatate 100 MG (3) - Copy - Copy.jpg,benzonatate 100 MG
benzonatate 100 MG (3) - Copy.jpg,benzonatate 100 MG
benzonatate 100 MG (3).jpg,benzonatate 100 MG
benzonatate 100 MG (4) - Copy - Copy.jpg,benzonatate 100 MG
benzonatate 100 MG (4) - Copy.jpg,benzonatate 100 MG
benzonatate 100 MG (4).jpg,benzonatate 100 MG
benzonatate 100 MG (5) - Copy - Copy.jpg,benzonatate 100 MG
benzonatate 100 MG (5) - Copy.jpg,benzonatate 100 MG
benzonatate 100 MG (5).jpg,benzonatate 100 MG
benzonatate 100 MG (6) - Copy - Copy.jpg,benzonatate 100 MG
benzonatate 100 MG (6) - Copy.jpg,benzonatate 100 MG
benzonatate 100 MG (6).jpg,benzonatate 100 MG
benzonatate 100 MG (7) - Copy - Copy.jpg,benzonatate 100 MG
benzonatate 100 MG (7) - Copy.jpg,benzonatate 100 MG
benzonatate 100 MG (7).jpg,benzonatate 100 MG
benzonatate 100 MG (8) - Copy - Copy.jpg,benzonatate 100 MG
benzonatate 100 MG (8) - Copy.jpg,benzonatate 100 MG
benzonatate 100 MG (8).jpg,benzonatate 100 MG
benzonatate 100 MG (9) - Copy - Copy.jpg,benzonatate 100 MG
benzonatate 100 MG (9) - Copy.jpg,benzonatate 100 MG
benzonatate 100 MG (9).jpg,benzonatate 100 MG
Calcitriol 0.00025 MG (1) - Copy - Copy.jpg,Calcitriol 0.00025 MG
Calcitriol 0.00025 MG (1) - Copy.jpg,Calcitriol 0.00025 MG
Calcitriol 0.00025 MG (1).jpg,Calcitriol 0.00025 MG
Calcitriol 0.00025 MG (10) - Copy - Copy.jpg,Calcitriol 0.00025 MG
Calcitriol 0.00025 MG (10) - Copy.jpg,Calcitriol 0.00025 MG
Calcitriol 0.00025 MG (10).jpg,Calcitriol 0.00025 MG
Calcitriol 0.00025 MG (11) - Copy - Copy.jpg,Calcitriol 0.00025 MG
Calcitriol 0.00025 MG (11) - Copy.jpg,Calcitriol 0.00025 MG
Calcitriol 0.00025 MG (11).jpg,Calcitriol 0.00025 MG
Calcitriol 0.00025 MG (12) - Copy - Copy.jpg,Calcitriol 0.00025 MG
Calcitriol 0.00025 MG (12) - Copy.jpg,Calcitriol 0.00025 MG
Calcitriol 0.00025 MG (12).jpg,Calcitriol 0.00025 MG
Calcitriol 0.00025 MG (13) - Copy.jpg,Calcitriol 0.00025 MG
Calcitriol 0.00025 MG (14) - Copy.jpg,Calcitriol 0.00025 MG
Calcitriol 0.00025 MG (15) - Copy.jpg,Calcitriol 0.00025 MG
Calcitriol 0.00025 MG (16) - Copy.jpg,Calcitriol 0.00025 MG
Calcitriol 0.00025 MG (17) - Copy.jpg,Calcitriol 0.00025 MG
Calcitriol 0.00025 MG (18) - Copy.jpg,Calcitriol 0.00025 MG
Calcitriol 0.00025 MG (19) - Copy.jpg,Calcitriol 0.00025 MG
Calcitriol 0.00025 MG (2) - Copy - Copy.jpg,Calcitriol 0.00025 MG
Calcitriol 0.00025 MG (2) - Copy.jpg,Calcitriol 0.00025 MG
Calcitriol 0.00025 MG (2).jpg,Calcitriol 0.00025 MG
Calcitriol 0.00025 MG (20) - Copy.jpg,Calcitriol 0.00025 MG
Calcitriol 0.00025 MG (21) - Copy.jpg,Calcitriol 0.00025 MG
Calcitriol 0.00025 MG (22) - Copy.jpg,Calcitriol 0.00025 MG
Calcitriol 0.00025 MG (23) - Copy.jpg,Calcitriol 0.00025 MG
Calcitriol 0.00025 MG (24) - Copy.jpg,Calcitriol 0.00025 MG
Calcitriol 0.00025 MG (25) - Copy.jpg,Calcitriol 0.00025 MG
Calcitriol 0.00025 MG (26) - Copy.jpg,Calcitriol 0.00025 MG
Calcitriol 0.00025 MG (3) - Copy - Copy.jpg,Calcitriol 0.00025 MG
Calcitriol 0.00025 MG (3) - Copy.jpg,Calcitriol 0.00025 MG
Calcitriol 0.00025 MG (3).jpg,Calcitriol 0.00025 MG
Calcitriol 0.00025 MG (4) - Copy - Copy.jpg,Calcitriol 0.00025 MG
Calcitriol 0.00025 MG (4) - Copy.jpg,Calcitriol 0.00025 MG
Calcitriol 0.00025 MG (4).jpg,Calcitriol 0.00025 MG
Calcitriol 0.00025 MG (5) - Copy - Copy.jpg,Calcitriol 0.00025 MG
Calcitriol 0.00025 MG (5) - Copy.jpg,Calcitriol 0.00025 MG
Calcitriol 0.00025 MG (5).jpg,Calcitriol 0.00025 MG
Calcitriol 0.00025 MG (6) - Copy - Copy.jpg,Calcitriol 0.00025 MG
Calcitriol 0.00025 MG (6) - Copy.jpg,Calcitriol 0.00025 MG
Calcitriol 0.00025 MG (6).jpg,Calcitriol 0.00025 MG
Calcitriol 0.00025 MG (7) - Copy - Copy.jpg,Calcitriol 0.00025 MG
Calcitriol 0.00025 MG (7) - Copy.jpg,Calcitriol 0.00025 MG
Calcitriol 0.00025 MG (7).jpg,Calcitriol 0.00025 MG
Calcitriol 0.00025 MG (8) - Copy - Copy.jpg,Calcitriol 0.00025 MG
Calcitriol 0.00025 MG (8) - Copy.jpg,Calcitriol 0.00025 MG
Calcitriol 0.00025 MG (8).jpg,Calcitriol 0.00025 MG
Calcitriol 0.00025 MG (9) - Copy - Copy.jpg,Calcitriol 0.00025 MG
Calcitriol 0.00025 MG (9) - Copy.jpg,Calcitriol 0.00025 MG
Calcitriol 0.00025 MG (9).jpg,Calcitriol 0.00025 MG
carvedilol 3.125 MG (1) - Copy - Copy.jpg,carvedilol 3.125 MG
carvedilol 3.125 MG (1) - Copy.jpg,carvedilol 3.125 MG
carvedilol 3.125 MG (1).jpg,carvedilol 3.125 MG
carvedilol 3.125 MG (10) - Copy - Copy.jpg,carvedilol 3.125 MG
carvedilol 3.125 MG (10) - Copy.jpg,carvedilol 3.125 MG
carvedilol 3.125 MG (10).jpg,carvedilol 3.125 MG
carvedilol 3.125 MG (11) - Copy - Copy.jpg,carvedilol 3.125 MG
carvedilol 3.125 MG (11) - Copy.jpg,carvedilol 3.125 MG
carvedilol 3.125 MG (11).jpg,carvedilol 3.125 MG
carvedilol 3.125 MG (12) - Copy - Copy.jpg,carvedilol 3.125 MG
carvedilol 3.125 MG (12) - Copy.jpg,carvedilol 3.125 MG
carvedilol 3.125 MG (12).jpg,carvedilol 3.125 MG
carvedilol 3.125 MG (13) - Copy - Copy.jpg,carvedilol 3.125 MG
carvedilol 3.125 MG (13) - Copy.jpg,carvedilol 3.125 MG
carvedilol 3.125 MG (13).jpg,carvedilol 3.125 MG
carvedilol 3.125 MG (14) - Copy.jpg,carvedilol 3.125 MG
carvedilol 3.125 MG (15) - Copy.jpg,carvedilol 3.125 MG
carvedilol 3.125 MG (16) - Copy.jpg,carvedilol 3.125 MG
carvedilol 3.125 MG (17) - Copy.jpg,carvedilol 3.125 MG
carvedilol 3.125 MG (18) - Copy.jpg,carvedilol 3.125 MG
carvedilol 3.125 MG (19) - Copy.jpg,carvedilol 3.125 MG
carvedilol 3.125 MG (2) - Copy - Copy.jpg,carvedilol 3.125 MG
carvedilol 3.125 MG (2) - Copy.jpg,carvedilol 3.125 MG
carvedilol 3.125 MG (2).jpg,carvedilol 3.125 MG
carvedilol 3.125 MG (20) - Copy.jpg,carvedilol 3.125 MG
carvedilol 3.125 MG (21) - Copy.jpg,carvedilol 3.125 MG
carvedilol 3.125 MG (22) - Copy.jpg,carvedilol 3.125 MG
carvedilol 3.125 MG (23) - Copy.jpg,carvedilol 3.125 MG
carvedilol 3.125 MG (24) - Copy.jpg,carvedilol 3.125 MG
carvedilol 3.125 MG (25) - Copy.jpg,carvedilol 3.125 MG
carvedilol 3.125 MG (26) - Copy.jpg,carvedilol 3.125 MG
carvedilol 3.125 MG (3) - Copy - Copy.jpg,carvedilol 3.125 MG
carvedilol 3.125 MG (3) - Copy.jpg,carvedilol 3.125 MG
carvedilol 3.125 MG (3).jpg,carvedilol 3.125 MG
carvedilol 3.125 MG (4) - Copy - Copy.jpg,carvedilol 3.125 MG
carvedilol 3.125 MG (4) - Copy.jpg,carvedilol 3.125 MG
carvedilol 3.125 MG (4).jpg,carvedilol 3.125 MG
carvedilol 3.125 MG (5) - Copy - Copy.jpg,carvedilol 3.125 MG
carvedilol 3.125 MG (5) - Copy.jpg,carvedilol 3.125 MG
carvedilol 3.125 MG (5).jpg,carvedilol 3.125 MG
carvedilol 3.125 MG (6) - Copy - Copy.jpg,carvedilol 3.125 MG
carvedilol 3.125 MG (6) - Copy.jpg,carvedilol 3.125 MG
carvedilol 3.125 MG (6).jpg,carvedilol 3.125 MG
carvedilol 3.125 MG (7) - Copy - Copy.jpg,carvedilol 3.125 MG
carvedilol 3.125 MG (7) - Copy.jpg,carvedilol 3.125 MG
carvedilol 3.125 MG (7).jpg,carvedilol 3.125 MG
carvedilol 3.125 MG (8) - Copy - Copy.jpg,carvedilol 3.125 MG
carvedilol 3.125 MG (8) - Copy.jpg,carvedilol 3.125 MG
carvedilol 3.125 MG (8).jpg,carvedilol 3.125 MG
carvedilol 3.125 MG (9) - Copy - Copy.jpg,carvedilol 3.125 MG
carvedilol 3.125 MG (9) - Copy.jpg,carvedilol 3.125 MG
carvedilol 3.125 MG (9).jpg,carvedilol 3.125 MG
celecoxib 200 MG (1) - Copy - Copy.jpg,celecoxib 200 MG
celecoxib 200 MG (1) - Copy.jpg,celecoxib 200 MG
celecoxib 200 MG (1).jpg,celecoxib 200 MG
celecoxib 200 MG (10) - Copy - Copy.jpg,celecoxib 200 MG
celecoxib 200 MG (10) - Copy.jpg,celecoxib 200 MG
celecoxib 200 MG (10).jpg,celecoxib 200 MG
celecoxib 200 MG (11) - Copy - Copy.jpg,celecoxib 200 MG
celecoxib 200 MG (11) - Copy.jpg,celecoxib 200 MG
celecoxib 200 MG (11).jpg,celecoxib 200 MG
celecoxib 200 MG (12) - Copy.jpg,celecoxib 200 MG
celecoxib 200 MG (13) - Copy.jpg,celecoxib 200 MG
celecoxib 200 MG (14) - Copy - Copy.jpg,celecoxib 200 MG
celecoxib 200 MG (14) - Copy.jpg,celecoxib 200 MG
celecoxib 200 MG (15) - Copy.jpg,celecoxib 200 MG
celecoxib 200 MG (16) - Copy.jpg,celecoxib 200 MG
celecoxib 200 MG (17) - Copy - Copy.jpg,celecoxib 200 MG
celecoxib 200 MG (17) - Copy.jpg,celecoxib 200 MG
celecoxib 200 MG (18) - Copy.jpg,celecoxib 200 MG
celecoxib 200 MG (19) - Copy.jpg,celecoxib 200 MG
celecoxib 200 MG (2) - Copy - Copy.jpg,celecoxib 200 MG
celecoxib 200 MG (2) - Copy.jpg,celecoxib 200 MG
celecoxib 200 MG (2).jpg,celecoxib 200 MG
celecoxib 200 MG (20) - Copy.jpg,celecoxib 200 MG
celecoxib 200 MG (21) - Copy.jpg,celecoxib 200 MG
celecoxib 200 MG (22) - Copy.jpg,celecoxib 200 MG
celecoxib 200 MG (3) - Copy - Copy.jpg,celecoxib 200 MG
celecoxib 200 MG (3) - Copy.jpg,celecoxib 200 MG
celecoxib 200 MG (3).jpg,celecoxib 200 MG
celecoxib 200 MG (4) - Copy - Copy.jpg,celecoxib 200 MG
celecoxib 200 MG (4) - Copy.jpg,celecoxib 200 MG
celecoxib 200 MG (4).jpg,celecoxib 200 MG
celecoxib 200 MG (5) - Copy - Copy.jpg,celecoxib 200 MG
celecoxib 200 MG (5) - Copy.jpg,celecoxib 200 MG
celecoxib 200 MG (5).jpg,celecoxib 200 MG
celecoxib 200 MG (6) - Copy - Copy.jpg,celecoxib 200 MG
celecoxib 200 MG (6) - Copy.jpg,celecoxib 200 MG
celecoxib 200 MG (6).jpg,celecoxib 200 MG
celecoxib 200 MG (7) - Copy - Copy.jpg,celecoxib 200 MG
celecoxib 200 MG (7) - Copy.jpg,celecoxib 200 MG
celecoxib 200 MG (7).jpg,celecoxib 200 MG
celecoxib 200 MG (8) - Copy - Copy.jpg,celecoxib 200 MG
celecoxib 200 MG (8) - Copy.jpg,celecoxib 200 MG
celecoxib 200 MG (8).jpg,celecoxib 200 MG
celecoxib 200 MG (9) - Copy - Copy.jpg,celecoxib 200 MG
celecoxib 200 MG (9) - Copy.jpg,celecoxib 200 MG
celecoxib 200 MG (9).jpg,celecoxib 200 MG
duloxetine 30 MG (1) - Copy - Copy.jpg,duloxetine 30 MG
duloxetine 30 MG (1) - Copy.jpg,duloxetine 30 MG
duloxetine 30 MG (1).jpg,duloxetine 30 MG
duloxetine 30 MG (10) - Copy - Copy.jpg,duloxetine 30 MG
duloxetine 30 MG (10) - Copy.jpg,duloxetine 30 MG
duloxetine 30 MG (10).jpg,duloxetine 30 MG
duloxetine 30 MG (11) - Copy - Copy.jpg,duloxetine 30 MG
duloxetine 30 MG (11) - Copy.jpg,duloxetine 30 MG
duloxetine 30 MG (11).jpg,duloxetine 30 MG
duloxetine 30 MG (12) - Copy - Copy.jpg,duloxetine 30 MG
duloxetine 30 MG (12) - Copy.jpg,duloxetine 30 MG
duloxetine 30 MG (12).jpg,duloxetine 30 MG
duloxetine 30 MG (13) - Copy.jpg,duloxetine 30 MG
duloxetine 30 MG (14) - Copy.jpg,duloxetine 30 MG
duloxetine 30 MG (15) - Copy - Copy.jpg,duloxetine 30 MG
duloxetine 30 MG (15) - Copy.jpg,duloxetine 30 MG
duloxetine 30 MG (16) - Copy - Copy.jpg,duloxetine 30 MG
duloxetine 30 MG (16) - Copy.jpg,duloxetine 30 MG
duloxetine 30 MG (17) - Copy.jpg,duloxetine 30 MG
duloxetine 30 MG (18) - Copy.jpg,duloxetine 30 MG
duloxetine 30 MG (19) - Copy.jpg,duloxetine 30 MG
duloxetine 30 MG (2) - Copy - Copy.jpg,duloxetine 30 MG
duloxetine 30 MG (2) - Copy.jpg,duloxetine 30 MG
duloxetine 30 MG (2).jpg,duloxetine 30 MG
duloxetine 30 MG (20) - Copy.jpg,duloxetine 30 MG
duloxetine 30 MG (21) - Copy.jpg,duloxetine 30 MG
duloxetine 30 MG (22) - Copy.jpg,duloxetine 30 MG
duloxetine 30 MG (23) - Copy.jpg,duloxetine 30 MG
duloxetine 30 MG (24) - Copy.jpg,duloxetine 30 MG
duloxetine 30 MG (3) - Copy - Copy.jpg,duloxetine 30 MG
duloxetine 30 MG (3) - Copy.jpg,duloxetine 30 MG
duloxetine 30 MG (3).jpg,duloxetine 30 MG
duloxetine 30 MG (4) - Copy - Copy.jpg,duloxetine 30 MG
duloxetine 30 MG (4) - Copy.jpg,duloxetine 30 MG
duloxetine 30 MG (4).jpg,duloxetine 30 MG
duloxetine 30 MG (5) - Copy - Copy.jpg,duloxetine 30 MG
duloxetine 30 MG (5) - Copy.jpg,duloxetine 30 MG
duloxetine 30 MG (5).jpg,duloxetine 30 MG
duloxetine 30 MG (6) - Copy - Copy.jpg,duloxetine 30 MG
duloxetine 30 MG (6) - Copy.jpg,duloxetine 30 MG
duloxetine 30 MG (6).jpg,duloxetine 30 MG
duloxetine 30 MG (7) - Copy - Copy.jpg,duloxetine 30 MG
duloxetine 30 MG (7) - Copy.jpg,duloxetine 30 MG
duloxetine 30 MG (7).jpg,duloxetine 30 MG
duloxetine 30 MG (8) - Copy - Copy.jpg,duloxetine 30 MG
duloxetine 30 MG (8) - Copy.jpg,duloxetine 30 MG
duloxetine 30 MG (8).jpg,duloxetine 30 MG
duloxetine 30 MG (9) - Copy - Copy.jpg,duloxetine 30 MG
duloxetine 30 MG (9) - Copy.jpg,duloxetine 30 MG
duloxetine 30 MG (9).jpg,duloxetine 30 MG
eltrombopag 25 MG (1) - Copy - Copy.jpg,eltrombopag 25 MG
eltrombopag 25 MG (1) - Copy.jpg,eltrombopag 25 MG
eltrombopag 25 MG (1).jpg,eltrombopag 25 MG
eltrombopag 25 MG (10) - Copy - Copy.jpg,eltrombopag 25 MG
eltrombopag 25 MG (10) - Copy.jpg,eltrombopag 25 MG
eltrombopag 25 MG (10).jpg,eltrombopag 25 MG
eltrombopag 25 MG (11) - Copy - Copy.jpg,eltrombopag 25 MG
eltrombopag 25 MG (11) - Copy.jpg,eltrombopag 25 MG
eltrombopag 25 MG (11).jpg,eltrombopag 25 MG
eltrombopag 25 MG (12) - Copy - Copy.jpg,eltrombopag 25 MG
eltrombopag 25 MG (12) - Copy.jpg,eltrombopag 25 MG
eltrombopag 25 MG (12).jpg,eltrombopag 25 MG
eltrombopag 25 MG (13) - Copy.jpg,eltrombopag 25 MG
eltrombopag 25 MG (14) - Copy.jpg,eltrombopag 25 MG
eltrombopag 25 MG (15) - Copy.jpg,eltrombopag 25 MG
eltrombopag 25 MG (16) - Copy.jpg,eltrombopag 25 MG
eltrombopag 25 MG (17) - Copy.jpg,eltrombopag 25 MG
eltrombopag 25 MG (18) - Copy.jpg,eltrombopag 25 MG
eltrombopag 25 MG (19) - Copy.jpg,eltrombopag 25 MG
eltrombopag 25 MG (2) - Copy - Copy.jpg,eltrombopag 25 MG
eltrombopag 25 MG (2) - Copy.jpg,eltrombopag 25 MG
eltrombopag 25 MG (2).jpg,eltrombopag 25 MG
eltrombopag 25 MG (20) - Copy.jpg,eltrombopag 25 MG
eltrombopag 25 MG (21) - Copy.jpg,eltrombopag 25 MG
eltrombopag 25 MG (22) - Copy.jpg,eltrombopag 25 MG
eltrombopag 25 MG (23) - Copy.jpg,eltrombopag 25 MG
eltrombopag 25 MG (24) - Copy.jpg,eltrombopag 25 MG
eltrombopag 25 MG (3) - Copy - Copy.jpg,eltrombopag 25 MG
eltrombopag 25 MG (3) - Copy.jpg,eltrombopag 25 MG
eltrombopag 25 MG (3).jpg,eltrombopag 25 MG
eltrombopag 25 MG (4) - Copy - Copy.jpg,eltrombopag 25 MG
eltrombopag 25 MG (4) - Copy.jpg,eltrombopag 25 MG
eltrombopag 25 MG (4).jpg,eltrombopag 25 MG
eltrombopag 25 MG (5) - Copy - Copy.jpg,eltrombopag 25 MG
eltrombopag 25 MG (5) - Copy.jpg,eltrombopag 25 MG
eltrombopag 25 MG (5).jpg,eltrombopag 25 MG
eltrombopag 25 MG (6) - Copy - Copy.jpg,eltrombopag 25 MG
eltrombopag 25 MG (6) - Copy.jpg,eltrombopag 25 MG
eltrombopag 25 MG (6).jpg,eltrombopag 25 MG
eltrombopag 25 MG (7) - Copy - Copy.jpg,eltrombopag 25 MG
eltrombopag 25 MG (7) - Copy.jpg,eltrombopag 25 MG
eltrombopag 25 MG (7).jpg,eltrombopag 25 MG
eltrombopag 25 MG (8) - Copy - Copy.jpg,eltrombopag 25 MG
eltrombopag 25 MG (8) - Copy.jpg,eltrombopag 25 MG
eltrombopag 25 MG (8).jpg,eltrombopag 25 MG
eltrombopag 25 MG (9) - Copy - Copy.jpg,eltrombopag 25 MG
eltrombopag 25 MG (9) - Copy.jpg,eltrombopag 25 MG
eltrombopag 25 MG (9).jpg,eltrombopag 25 MG
montelukast 10 MG (1) - Copy - Copy.jpg,montelukast 10 MG
montelukast 10 MG (1) - Copy.jpg,montelukast 10 MG
montelukast 10 MG (1).jpg,montelukast 10 MG
montelukast 10 MG (10) - Copy - Copy.jpg,montelukast 10 MG
montelukast 10 MG (10) - Copy.jpg,montelukast 10 MG
montelukast 10 MG (10).jpg,montelukast 10 MG
montelukast 10 MG (11) - Copy - Copy.jpg,montelukast 10 MG
montelukast 10 MG (11) - Copy.jpg,montelukast 10 MG
montelukast 10 MG (11).jpg,montelukast 10 MG
montelukast 10 MG (12) - Copy - Copy.jpg,montelukast 10 MG
montelukast 10 MG (12) - Copy.jpg,montelukast 10 MG
montelukast 10 MG (12).jpg,montelukast 10 MG
montelukast 10 MG (13) - Copy.jpg,montelukast 10 MG
montelukast 10 MG (14) - Copy.jpg,montelukast 10 MG
montelukast 10 MG (15) - Copy.jpg,montelukast 10 MG
montelukast 10 MG (16) - Copy.jpg,montelukast 10 MG
montelukast 10 MG (17) - Copy.jpg,montelukast 10 MG
montelukast 10 MG (18) - Copy.jpg,montelukast 10 MG
montelukast 10 MG (19) - Copy.jpg,montelukast 10 MG
montelukast 10 MG (2) - Copy - Copy.jpg,montelukast 10 MG
montelukast 10 MG (2) - Copy.jpg,montelukast 10 MG
montelukast 10 MG (2).jpg,montelukast 10 MG
montelukast 10 MG (20) - Copy.jpg,montelukast 10 MG
montelukast 10 MG (21) - Copy.jpg,montelukast 10 MG
montelukast 10 MG (22) - Copy.jpg,montelukast 10 MG
montelukast 10 MG (23) - Copy.jpg,montelukast 10 MG
montelukast 10 MG (24) - Copy.jpg,montelukast 10 MG
montelukast 10 MG (3) - Copy - Copy.jpg,montelukast 10 MG
montelukast 10 MG (3) - Copy.jpg,montelukast 10 MG
montelukast 10 MG (3).jpg,montelukast 10 MG
montelukast 10 MG (4) - Copy - Copy.jpg,montelukast 10 MG
montelukast 10 MG (4) - Copy.jpg,montelukast 10 MG
montelukast 10 MG (4).jpg,montelukast 10 MG
montelukast 10 MG (5) - Copy - Copy.jpg,montelukast 10 MG
montelukast 10 MG (5) - Copy.jpg,montelukast 10 MG
montelukast 10 MG (5).jpg,montelukast 10 MG
montelukast 10 MG (6) - Copy - Copy.jpg,montelukast 10 MG
montelukast 10 MG (6) - Copy.jpg,montelukast 10 MG
montelukast 10 MG (6).jpg,montelukast 10 MG
montelukast 10 MG (7) - Copy - Copy.jpg,montelukast 10 MG
montelukast 10 MG (7) - Copy.jpg,montelukast 10 MG
montelukast 10 MG (7).jpg,montelukast 10 MG
montelukast 10 MG (8) - Copy - Copy.jpg,montelukast 10 MG
montelukast 10 MG (8) - Copy.jpg,montelukast 10 MG
montelukast 10 MG (8).jpg,montelukast 10 MG
montelukast 10 MG (9) - Copy - Copy.jpg,montelukast 10 MG
montelukast 10 MG (9) - Copy.jpg,montelukast 10 MG
montelukast 10 MG (9).jpg,montelukast 10 MG
mycophenolate mofetil 250 MG (1) - Copy - Copy.jpg,mycophenolate mofetil 250 MG
mycophenolate mofetil 250 MG (1) - Copy.jpg,mycophenolate mofetil 250 MG
mycophenolate mofetil 250 MG (1).jpg,mycophenolate mofetil 250 MG
mycophenolate mofetil 250 MG (10) - Copy - Copy.jpg,mycophenolate mofetil 250 MG
mycophenolate mofetil 250 MG (10) - Copy.jpg,mycophenolate mofetil 250 MG
mycophenolate mofetil 250 MG (10).jpg,mycophenolate mofetil 250 MG
mycophenolate mofetil 250 MG (11) - Copy - Copy.jpg,mycophenolate mofetil 250 MG
mycophenolate mofetil 250 MG (11) - Copy.jpg,mycophenolate mofetil 250 MG
mycophenolate mofetil 250 MG (11).jpg,mycophenolate mofetil 250 MG
mycophenolate mofetil 250 MG (12) - Copy - Copy.jpg,mycophenolate mofetil 250 MG
mycophenolate mofetil 250 MG (12) - Copy.jpg,mycophenolate mofetil 250 MG
mycophenolate mofetil 250 MG (12).jpg,mycophenolate mofetil 250 MG
mycophenolate mofetil 250 MG (13) - Copy - Copy.jpg,mycophenolate mofetil 250 MG
mycophenolate mofetil 250 MG (13) - Copy.jpg,mycophenolate mofetil 250 MG
mycophenolate mofetil 250 MG (13).jpg,mycophenolate mofetil 250 MG
mycophenolate mofetil 250 MG (14) - Copy.jpg,mycophenolate mofetil 250 MG
mycophenolate mofetil 250 MG (15) - Copy.jpg,mycophenolate mofetil 250 MG
mycophenolate mofetil 250 MG (16) - Copy.jpg,mycophenolate mofetil 250 MG
mycophenolate mofetil 250 MG (17) - Copy.jpg,mycophenolate mofetil 250 MG
mycophenolate mofetil 250 MG (18) - Copy.jpg,mycophenolate mofetil 250 MG
mycophenolate mofetil 250 MG (19) - Copy.jpg,mycophenolate mofetil 250 MG
mycophenolate mofetil 250 MG (2) - Copy - Copy.jpg,mycophenolate mofetil 250 MG
mycophenolate mofetil 250 MG (2) - Copy.jpg,mycophenolate mofetil 250 MG
mycophenolate mofetil 250 MG (2).jpg,mycophenolate mofetil 250 MG
mycophenolate mofetil 250 MG (20) - Copy.jpg,mycophenolate mofetil 250 MG
mycophenolate mofetil 250 MG (21) - Copy.jpg,mycophenolate mofetil 250 MG
mycophenolate mofetil 250 MG (22) - Copy.jpg,mycophenolate mofetil 250 MG
mycophenolate mofetil 250 MG (23) - Copy.jpg,mycophenolate mofetil 250 MG
mycophenolate mofetil 250 MG (24) - Copy.jpg,mycophenolate mofetil 250 MG
mycophenolate mofetil 250 MG (25) - Copy.jpg,mycophenolate mofetil 250 MG
mycophenolate mofetil 250 MG (26) - Copy.jpg,mycophenolate mofetil 250 MG
mycophenolate mofetil 250 MG (27) - Copy.jpg,mycophenolate mofetil 250 MG
mycophenolate mofetil 250 MG (28) - Copy.jpg,mycophenolate mofetil 250 MG
mycophenolate mofetil 250 MG (3) - Copy - Copy.jpg,mycophenolate mofetil 250 MG
mycophenolate mofetil 250 MG (3) - Copy.jpg,mycophenolate mofetil 250 MG
mycophenolate mofetil 250 MG (3).jpg,mycophenolate mofetil 250 MG
mycophenolate mofetil 250 MG (4) - Copy - Copy.jpg,mycophenolate mofetil 250 MG
mycophenolate mofetil 250 MG (4) - Copy.jpg,mycophenolate mofetil 250 MG
mycophenolate mofetil 250 MG (4).jpg,mycophenolate mofetil 250 MG
mycophenolate mofetil 250 MG (5) - Copy - Copy.jpg,mycophenolate mofetil 250 MG
mycophenolate mofetil 250 MG (5) - Copy.jpg,mycophenolate mofetil 250 MG
mycophenolate mofetil 250 MG (5).jpg,mycophenolate mofetil 250 MG
mycophenolate mofetil 250 MG (6) - Copy - Copy.jpg,mycophenolate mofetil 250 MG
mycophenolate mofetil 250 MG (6) - Copy.jpg,mycophenolate mofetil 250 MG
mycophenolate mofetil 250 MG (6).jpg,mycophenolate mofetil 250 MG
mycophenolate mofetil 250 MG (7) - Copy - Copy.jpg,mycophenolate mofetil 250 MG
mycophenolate mofetil 250 MG (7) - Copy.jpg,mycophenolate mofetil 250 MG
mycophenolate mofetil 250 MG (7).jpg,mycophenolate mofetil 250 MG
mycophenolate mofetil 250 MG (8) - Copy - Copy.jpg,mycophenolate mofetil 250 MG
mycophenolate mofetil 250 MG (8) - Copy.jpg,mycophenolate mofetil 250 MG
mycophenolate mofetil 250 MG (8).jpg,mycophenolate mofetil 250 MG
mycophenolate mofetil 250 MG (9) - Copy - Copy.jpg,mycophenolate mofetil 250 MG
mycophenolate mofetil 250 MG (9) - Copy.jpg,mycophenolate mofetil 250 MG
mycophenolate mofetil 250 MG (9).jpg,mycophenolate mofetil 250 MG
Oseltamivir 45 MG (1) - Copy - Copy.jpg,Oseltamivir 45 MG
Oseltamivir 45 MG (1) - Copy.jpg,Oseltamivir 45 MG
Oseltamivir 45 MG (1).jpg,Oseltamivir 45 MG
Oseltamivir 45 MG (10) - Copy - Copy.jpg,Oseltamivir 45 MG
Oseltamivir 45 MG (10) - Copy.jpg,Oseltamivir 45 MG
Oseltamivir 45 MG (10).jpg,Oseltamivir 45 MG
Oseltamivir 45 MG (11) - Copy - Copy.jpg,Oseltamivir 45 MG
Oseltamivir 45 MG (11) - Copy.jpg,Oseltamivir 45 MG
Oseltamivir 45 MG (11).jpg,Oseltamivir 45 MG
Oseltamivir 45 MG (12) - Copy - Copy.jpg,Oseltamivir 45 MG
Oseltamivir 45 MG (12) - Copy.jpg,Oseltamivir 45 MG
Oseltamivir 45 MG (12).jpg,Oseltamivir 45 MG
Oseltamivir 45 MG (13) - Copy - Copy.jpg,Oseltamivir 45 MG
Oseltamivir 45 MG (13) - Copy.jpg,Oseltamivir 45 MG
Oseltamivir 45 MG (14) - Copy.jpg,Oseltamivir 45 MG
Oseltamivir 45 MG (15) - Copy.jpg,Oseltamivir 45 MG
Oseltamivir 45 MG (16) - Copy.jpg,Oseltamivir 45 MG
Oseltamivir 45 MG (17) - Copy.jpg,Oseltamivir 45 MG
Oseltamivir 45 MG (18) - Copy.jpg,Oseltamivir 45 MG
Oseltamivir 45 MG (19) - Copy.jpg,Oseltamivir 45 MG
Oseltamivir 45 MG (2) - Copy - Copy.jpg,Oseltamivir 45 MG
Oseltamivir 45 MG (2) - Copy.jpg,Oseltamivir 45 MG
Oseltamivir 45 MG (2).jpg,Oseltamivir 45 MG
Oseltamivir 45 MG (20) - Copy.jpg,Oseltamivir 45 MG
Oseltamivir 45 MG (21) - Copy.jpg,Oseltamivir 45 MG
Oseltamivir 45 MG (22) - Copy.jpg,Oseltamivir 45 MG
Oseltamivir 45 MG (23) - Copy.jpg,Oseltamivir 45 MG
Oseltamivir 45 MG (24) - Copy.jpg,Oseltamivir 45 MG
Oseltamivir 45 MG (3) - Copy - Copy.jpg,Oseltamivir 45 MG
Oseltamivir 45 MG (3) - Copy.jpg,Oseltamivir 45 MG
Oseltamivir 45 MG (3).jpg,Oseltamivir 45 MG
Oseltamivir 45 MG (4) - Copy - Copy.jpg,Oseltamivir 45 MG
Oseltamivir 45 MG (4) - Copy.jpg,Oseltamivir 45 MG
Oseltamivir 45 MG (4).jpg,Oseltamivir 45 MG
Oseltamivir 45 MG (5) - Copy - Copy.jpg,Oseltamivir 45 MG
Oseltamivir 45 MG (5) - Copy.jpg,Oseltamivir 45 MG
Oseltamivir 45 MG (5).jpg,Oseltamivir 45 MG
Oseltamivir 45 MG (6) - Copy - Copy.jpg,Oseltamivir 45 MG
Oseltamivir 45 MG (6) - Copy.jpg,Oseltamivir 45 MG
Oseltamivir 45 MG (6).jpg,Oseltamivir 45 MG
Oseltamivir 45 MG (7) - Copy - Copy.jpg,Oseltamivir 45 MG
Oseltamivir 45 MG (7) - Copy.jpg,Oseltamivir 45 MG
Oseltamivir 45 MG (7).jpg,Oseltamivir 45 MG
Oseltamivir 45 MG (8) - Copy - Copy.jpg,Oseltamivir 45 MG
Oseltamivir 45 MG (8) - Copy.jpg,Oseltamivir 45 MG
Oseltamivir 45 MG (8).jpg,Oseltamivir 45 MG
Oseltamivir 45 MG (9) - Copy - Copy - Copy.jpg,Oseltamivir 45 MG
Oseltamivir 45 MG (9) - Copy - Copy.jpg,Oseltamivir 45 MG
Oseltamivir 45 MG (9) - Copy.jpg,Oseltamivir 45 MG
Oseltamivir 45 MG (9).jpg,Oseltamivir 45 MG
pantoprazole 40 MG (1) - Copy - Copy.jpg,pantoprazole 40 MG
pantoprazole 40 MG (1) - Copy.jpg,pantoprazole 40 MG
pantoprazole 40 MG (1).jpg,pantoprazole 40 MG
pantoprazole 40 MG (10) - Copy - Copy.jpg,pantoprazole 40 MG
pantoprazole 40 MG (10) - Copy.jpg,pantoprazole 40 MG
pantoprazole 40 MG (10).jpg,pantoprazole 40 MG
pantoprazole 40 MG (11) - Copy - Copy.jpg,pantoprazole 40 MG
pantoprazole 40 MG (11) - Copy.jpg,pantoprazole 40 MG
pantoprazole 40 MG (11).jpg,pantoprazole 40 MG
pantoprazole 40 MG (12) - Copy.jpg,pantoprazole 40 MG
pantoprazole 40 MG (13) - Copy.jpg,pantoprazole 40 MG
pantoprazole 40 MG (14) - Copy.jpg,pantoprazole 40 MG
pantoprazole 40 MG (15) - Copy.jpg,pantoprazole 40 MG
pantoprazole 40 MG (16) - Copy - Copy.jpg,pantoprazole 40 MG
pantoprazole 40 MG (16) - Copy.jpg,pantoprazole 40 MG
pantoprazole 40 MG (17) - Copy.jpg,pantoprazole 40 MG
pantoprazole 40 MG (18) - Copy.jpg,pantoprazole 40 MG
pantoprazole 40 MG (19) - Copy.jpg,pantoprazole 40 MG
pantoprazole 40 MG (2) - Copy - Copy.jpg,pantoprazole 40 MG
pantoprazole 40 MG (2) - Copy.jpg,pantoprazole 40 MG
pantoprazole 40 MG (2).jpg,pantoprazole 40 MG
pantoprazole 40 MG (20) - Copy.jpg,pantoprazole 40 MG
pantoprazole 40 MG (21) - Copy.jpg,pantoprazole 40 MG
pantoprazole 40 MG (22) - Copy.jpg,pantoprazole 40 MG
pantoprazole 40 MG (3) - Copy - Copy.jpg,pantoprazole 40 MG
pantoprazole 40 MG (3) - Copy.jpg,pantoprazole 40 MG
pantoprazole 40 MG (3).jpg,pantoprazole 40 MG
pantoprazole 40 MG (4) - Copy - Copy.jpg,pantoprazole 40 MG
pantoprazole 40 MG (4) - Copy.jpg,pantoprazole 40 MG
pantoprazole 40 MG (4).jpg,pantoprazole 40 MG
pantoprazole 40 MG (5) - Copy - Copy.jpg,pantoprazole 40 MG
pantoprazole 40 MG (5) - Copy.jpg,pantoprazole 40 MG
pantoprazole 40 MG (5).jpg,pantoprazole 40 MG
pantoprazole 40 MG (6) - Copy - Copy.jpg,pantoprazole 40 MG
pantoprazole 40 MG (6) - Copy.jpg,pantoprazole 40 MG
pantoprazole 40 MG (6).jpg,pantoprazole 40 MG
pantoprazole 40 MG (7) - Copy - Copy.jpg,pantoprazole 40 MG
pantoprazole 40 MG (7) - Copy.jpg,pantoprazole 40 MG
pantoprazole 40 MG (7).jpg,pantoprazole 40 MG
pantoprazole 40 MG (8) - Copy - Copy - Copy.jpg,pantoprazole 40 MG
pantoprazole 40 MG (8) - Copy - Copy.jpg,pantoprazole 40 MG
pantoprazole 40 MG (8) - Copy.jpg,pantoprazole 40 MG
pantoprazole 40 MG (8).jpg,pantoprazole 40 MG
pantoprazole 40 MG (9) - Copy - Copy.jpg,pantoprazole 40 MG
pantoprazole 40 MG (9) - Copy.jpg,pantoprazole 40 MG
pantoprazole 40 MG (9).jpg,pantoprazole 40 MG
pitavastatin 1 MG (1) - Copy - Copy.jpg,pitavastatin 1 MG
pitavastatin 1 MG (1) - Copy.jpg,pitavastatin 1 MG
pitavastatin 1 MG (1).jpg,pitavastatin 1 MG
pitavastatin 1 MG (10) - Copy - Copy.jpg,pitavastatin 1 MG
pitavastatin 1 MG (10) - Copy.jpg,pitavastatin 1 MG
pitavastatin 1 MG (10).jpg,pitavastatin 1 MG
pitavastatin 1 MG (11) - Copy - Copy.jpg,pitavastatin 1 MG
pitavastatin 1 MG (11) - Copy.jpg,pitavastatin 1 MG
pitavastatin 1 MG (11).jpg,pitavastatin 1 MG
pitavastatin 1 MG (12) - Copy.jpg,pitavastatin 1 MG
pitavastatin 1 MG (13) - Copy.jpg,pitavastatin 1 MG
pitavastatin 1 MG (14) - Copy.jpg,pitavastatin 1 MG
pitavastatin 1 MG (15) - Copy.jpg,pitavastatin 1 MG
pitavastatin 1 MG (16) - Copy.jpg,pitavastatin 1 MG
pitavastatin 1 MG (17) - Copy.jpg,pitavastatin 1 MG
pitavastatin 1 MG (18) - Copy.jpg,pitavastatin 1 MG
pitavastatin 1 MG (19) - Copy.jpg,pitavastatin 1 MG
pitavastatin 1 MG (2) - Copy - Copy.jpg,pitavastatin 1 MG
pitavastatin 1 MG (2) - Copy.jpg,pitavastatin 1 MG
pitavastatin 1 MG (2).jpg,pitavastatin 1 MG
pitavastatin 1 MG (20) - Copy.jpg,pitavastatin 1 MG
pitavastatin 1 MG (21) - Copy.jpg,pitavastatin 1 MG
pitavastatin 1 MG (22) - Copy.jpg,pitavastatin 1 MG
pitavastatin 1 MG (3) - Copy - Copy.jpg,pitavastatin 1 MG
pitavastatin 1 MG (3) - Copy.jpg,pitavastatin 1 MG
pitavastatin 1 MG (3).jpg,pitavastatin 1 MG
pitavastatin 1 MG (4) - Copy - Copy.jpg,pitavastatin 1 MG
pitavastatin 1 MG (4) - Copy.jpg,pitavastatin 1 MG
pitavastatin 1 MG (4).jpg,pitavastatin 1 MG
pitavastatin 1 MG (5) - Copy - Copy.jpg,pitavastatin 1 MG
pitavastatin 1 MG (5) - Copy.jpg,pitavastatin 1 MG
pitavastatin 1 MG (5).jpg,pitavastatin 1 MG
pitavastatin 1 MG (6) - Copy - Copy.jpg,pitavastatin 1 MG
pitavastatin 1 MG (6).jpg,pitavastatin 1 MG
pitavastatin 1 MG (7) - Copy - Copy.jpg,pitavastatin 1 MG
pitavastatin 1 MG (7) - Copy.jpg,pitavastatin 1 MG
pitavastatin 1 MG (7).jpg,pitavastatin 1 MG
pitavastatin 1 MG (8) - Copy - Copy.jpg,pitavastatin 1 MG
pitavastatin 1 MG (8) - Copy.jpg,pitavastatin 1 MG
pitavastatin 1 MG (8).jpg,pitavastatin 1 MG
pitavastatin 1 MG (9) - Copy - Copy.jpg,pitavastatin 1 MG
pitavastatin 1 MG (9) - Copy.jpg,pitavastatin 1 MG
pitavastatin 1 MG (9).jpg,pitavastatin 1 MG
prasugrel 10 MG (1) - Copy - Copy.jpg,prasugrel 10 MG
prasugrel 10 MG (1) - Copy.jpg,prasugrel 10 MG
prasugrel 10 MG (1).jpg,prasugrel 10 MG
prasugrel 10 MG (10) - Copy - Copy.jpg,prasugrel 10 MG
prasugrel 10 MG (10) - Copy.jpg,prasugrel 10 MG
prasugrel 10 MG (10).jpg,prasugrel 10 MG
prasugrel 10 MG (11) - Copy - Copy.jpg,prasugrel 10 MG
prasugrel 10 MG (11) - Copy.jpg,prasugrel 10 MG
prasugrel 10 MG (11).jpg,prasugrel 10 MG
prasugrel 10 MG (12) - Copy - Copy.jpg,prasugrel 10 MG
prasugrel 10 MG (12) - Copy.jpg,prasugrel 10 MG
prasugrel 10 MG (12).jpg,prasugrel 10 MG
prasugrel 10 MG (13) - Copy - Copy.jpg,prasugrel 10 MG
prasugrel 10 MG (13) - Copy.jpg,prasugrel 10 MG
prasugrel 10 MG (13).jpg,prasugrel 10 MG
prasugrel 10 MG (14) - Copy.jpg,prasugrel 10 MG
prasugrel 10 MG (15) - Copy.jpg,prasugrel 10 MG
prasugrel 10 MG (16) - Copy.jpg,prasugrel 10 MG
prasugrel 10 MG (17) - Copy.jpg,prasugrel 10 MG
prasugrel 10 MG (18) - Copy.jpg,prasugrel 10 MG
prasugrel 10 MG (19) - Copy.jpg,prasugrel 10 MG
prasugrel 10 MG (2) - Copy - Copy.jpg,prasugrel 10 MG
prasugrel 10 MG (2) - Copy.jpg,prasugrel 10 MG
prasugrel 10 MG (2).jpg,prasugrel 10 MG
prasugrel 10 MG (20) - Copy.jpg,prasugrel 10 MG
prasugrel 10 MG (21) - Copy.jpg,prasugrel 10 MG
prasugrel 10 MG (22) - Copy.jpg,prasugrel 10 MG
prasugrel 10 MG (23) - Copy.jpg,prasugrel 10 MG
prasugrel 10 MG (24) - Copy.jpg,prasugrel 10 MG
prasugrel 10 MG (25) - Copy.jpg,prasugrel 10 MG
prasugrel 10 MG (26) - Copy.jpg,prasugrel 10 MG
prasugrel 10 MG (3) - Copy - Copy.jpg,prasugrel 10 MG
prasugrel 10 MG (3) - Copy.jpg,prasugrel 10 MG
prasugrel 10 MG (3).jpg,prasugrel 10 MG
prasugrel 10 MG (4) - Copy - Copy.jpg,prasugrel 10 MG
prasugrel 10 MG (4) - Copy.jpg,prasugrel 10 MG
prasugrel 10 MG (4).jpg,prasugrel 10 MG
prasugrel 10 MG (5) - Copy - Copy.jpg,prasugrel 10 MG
prasugrel 10 MG (5) - Copy.jpg,prasugrel 10 MG
prasugrel 10 MG (5).jpg,prasugrel 10 MG
prasugrel 10 MG (6) - Copy - Copy.jpg,prasugrel 10 MG
prasugrel 10 MG (6) - Copy.jpg,prasugrel 10 MG
prasugrel 10 MG (6).jpg,prasugrel 10 MG
prasugrel 10 MG (7) - Copy - Copy.jpg,prasugrel 10 MG
prasugrel 10 MG (7) - Copy.jpg,prasugrel 10 MG
prasugrel 10 MG (7).jpg,prasugrel 10 MG
prasugrel 10 MG (8) - Copy - Copy.jpg,prasugrel 10 MG
prasugrel 10 MG (8) - Copy.jpg,prasugrel 10 MG
prasugrel 10 MG (8).jpg,prasugrel 10 MG
prasugrel 10 MG (9) - Copy - Copy.jpg,prasugrel 10 MG
prasugrel 10 MG (9) - Copy.jpg,prasugrel 10 MG
prasugrel 10 MG (9).jpg,prasugrel 10 MG
Ramipril 5 MG (1) - Copy.jpg,Ramipril 5 MG
Ramipril 5 MG (1).jpg,Ramipril 5 MG
Ramipril 5 MG (10) - Copy.jpg,Ramipril 5 MG
Ramipril 5 MG (10).jpg,Ramipril 5 MG
Ramipril 5 MG (11) - Copy.jpg,Ramipril 5 MG
Ramipril 5 MG (11).jpg,Ramipril 5 MG
Ramipril 5 MG (12) - Copy.jpg,Ramipril 5 MG
Ramipril 5 MG (12).jpg,Ramipril 5 MG
Ramipril 5 MG (13) - Copy.jpg,Ramipril 5 MG
Ramipril 5 MG (14) - Copy.jpg,Ramipril 5 MG
Ramipril 5 MG (15) - Copy.jpg,Ramipril 5 MG
Ramipril 5 MG (16) - Copy.jpg,Ramipril 5 MG
Ramipril 5 MG (17) - Copy.jpg,Ramipril 5 MG
Ramipril 5 MG (18) - Copy.jpg,Ramipril 5 MG
Ramipril 5 MG (19) - Copy.jpg,Ramipril 5 MG
Ramipril 5 MG (2) - Copy.jpg,Ramipril 5 MG
Ramipril 5 MG (2).jpg,Ramipril 5 MG
Ramipril 5 MG (20) - Copy.jpg,Ramipril 5 MG
Ramipril 5 MG (21) - Copy.jpg,Ramipril 5 MG
Ramipril 5 MG (22) - Copy.jpg,Ramipril 5 MG
Ramipril 5 MG (23) - Copy.jpg,Ramipril 5 MG
Ramipril 5 MG (24) - Copy.jpg,Ramipril 5 MG
Ramipril 5 MG (25) - Copy.jpg,Ramipril 5 MG
Ramipril 5 MG (26) - Copy.jpg,Ramipril 5 MG
Ramipril 5 MG (3) - Copy.jpg,Ramipril 5 MG
Ramipril 5 MG (3).jpg,Ramipril 5 MG
Ramipril 5 MG (4) - Copy.jpg,Ramipril 5 MG
Ramipril 5 MG (4).jpg,Ramipril 5 MG
Ramipril 5 MG (5) - Copy.jpg,Ramipril 5 MG
Ramipril 5 MG (5).jpg,Ramipril 5 MG
Ramipril 5 MG (6) - Copy.jpg,Ramipril 5 MG
Ramipril 5 MG (6).jpg,Ramipril 5 MG
Ramipril 5 MG (7) - Copy.jpg,Ramipril 5 MG
Ramipril 5 MG (7).jpg,Ramipril 5 MG
Ramipril 5 MG (8) - Copy.jpg,Ramipril 5 MG
Ramipril 5 MG (8).jpg,Ramipril 5 MG
Ramipril 5 MG (9) - Copy.jpg,Ramipril 5 MG
Ramipril 5 MG (9).jpg,Ramipril 5 MG
saxagliptin 5 MG (1) - Copy - Copy.jpg,saxagliptin 5 MG
saxagliptin 5 MG (1) - Copy.jpg,saxagliptin 5 MG
saxagliptin 5 MG (1).jpg,saxagliptin 5 MG
saxagliptin 5 MG (10) - Copy - Copy.jpg,saxagliptin 5 MG
saxagliptin 5 MG (10) - Copy.jpg,saxagliptin 5 MG
saxagliptin 5 MG (10).jpg,saxagliptin 5 MG
saxagliptin 5 MG (11) - Copy - Copy.jpg,saxagliptin 5 MG
saxagliptin 5 MG (11) - Copy.jpg,saxagliptin 5 MG
saxagliptin 5 MG (11).jpg,saxagliptin 5 MG
saxagliptin 5 MG (12) - Copy.jpg,saxagliptin 5 MG
saxagliptin 5 MG (13) - Copy.jpg,saxagliptin 5 MG
saxagliptin 5 MG (14) - Copy.jpg,saxagliptin 5 MG
saxagliptin 5 MG (15) - Copy.jpg,saxagliptin 5 MG
saxagliptin 5 MG (16) - Copy.jpg,saxagliptin 5 MG
saxagliptin 5 MG (17) - Copy.jpg,saxagliptin 5 MG
saxagliptin 5 MG (18) - Copy.jpg,saxagliptin 5 MG
saxagliptin 5 MG (19) - Copy.jpg,saxagliptin 5 MG
saxagliptin 5 MG (2) - Copy - Copy.jpg,saxagliptin 5 MG
saxagliptin 5 MG (2) - Copy.jpg,saxagliptin 5 MG
saxagliptin 5 MG (2).jpg,saxagliptin 5 MG
saxagliptin 5 MG (20) - Copy.jpg,saxagliptin 5 MG
saxagliptin 5 MG (21) - Copy.jpg,saxagliptin 5 MG
saxagliptin 5 MG (22) - Copy.jpg,saxagliptin 5 MG
saxagliptin 5 MG (3) - Copy - Copy.jpg,saxagliptin 5 MG
saxagliptin 5 MG (3) - Copy.jpg,saxagliptin 5 MG
saxagliptin 5 MG (3).jpg,saxagliptin 5 MG
saxagliptin 5 MG (4) - Copy - Copy.jpg,saxagliptin 5 MG
saxagliptin 5 MG (4) - Copy.jpg,saxagliptin 5 MG
saxagliptin 5 MG (4).jpg,saxagliptin 5 MG
saxagliptin 5 MG (5) - Copy - Copy.jpg,saxagliptin 5 MG
saxagliptin 5 MG (5) - Copy.jpg,saxagliptin 5 MG
saxagliptin 5 MG (5).jpg,saxagliptin 5 MG
saxagliptin 5 MG (6) - Copy - Copy.jpg,saxagliptin 5 MG
saxagliptin 5 MG (6) - Copy.jpg,saxagliptin 5 MG
saxagliptin 5 MG (6).jpg,saxagliptin 5 MG
saxagliptin 5 MG (7) - Copy - Copy.jpg,saxagliptin 5 MG
saxagliptin 5 MG (7) - Copy.jpg,saxagliptin 5 MG
saxagliptin 5 MG (7).jpg,saxagliptin 5 MG
saxagliptin 5 MG (8) - Copy - Copy.jpg,saxagliptin 5 MG
saxagliptin 5 MG (8) - Copy.jpg,saxagliptin 5 MG
saxagliptin 5 MG (8).jpg,saxagliptin 5 MG
saxagliptin 5 MG (9) - Copy - Copy.jpg,saxagliptin 5 MG
saxagliptin 5 MG (9) - Copy.jpg,saxagliptin 5 MG
saxagliptin 5 MG (9).jpg,saxagliptin 5 MG
sitagliptin 50 MG (1) - Copy - Copy.jpg,sitagliptin 50 MG
sitagliptin 50 MG (1) - Copy.jpg,sitagliptin 50 MG
sitagliptin 50 MG (1).jpg,sitagliptin 50 MG
sitagliptin 50 MG (10) - Copy - Copy.jpg,sitagliptin 50 MG
sitagliptin 50 MG (10) - Copy.jpg,sitagliptin 50 MG
sitagliptin 50 MG (10).jpg,sitagliptin 50 MG
sitagliptin 50 MG (11) - Copy - Copy.jpg,sitagliptin 50 MG
sitagliptin 50 MG (11) - Copy.jpg,sitagliptin 50 MG
sitagliptin 50 MG (11).jpg,sitagliptin 50 MG
sitagliptin 50 MG (12) - Copy - Copy.jpg,sitagliptin 50 MG
sitagliptin 50 MG (12) - Copy.jpg,sitagliptin 50 MG
sitagliptin 50 MG (12).jpg,sitagliptin 50 MG
sitagliptin 50 MG (13) - Copy - Copy.jpg,sitagliptin 50 MG
sitagliptin 50 MG (13) - Copy.jpg,sitagliptin 50 MG
sitagliptin 50 MG (13).jpg,sitagliptin 50 MG
sitagliptin 50 MG (14) - Copy.jpg,sitagliptin 50 MG
sitagliptin 50 MG (15) - Copy.jpg,sitagliptin 50 MG
sitagliptin 50 MG (16) - Copy.jpg,sitagliptin 50 MG
sitagliptin 50 MG (17) - Copy.jpg,sitagliptin 50 MG
sitagliptin 50 MG (18) - Copy.jpg,sitagliptin 50 MG
sitagliptin 50 MG (19) - Copy.jpg,sitagliptin 50 MG
sitagliptin 50 MG (2) - Copy - Copy.jpg,sitagliptin 50 MG
sitagliptin 50 MG (2) - Copy.jpg,sitagliptin 50 MG
sitagliptin 50 MG (2).jpg,sitagliptin 50 MG
sitagliptin 50 MG (20) - Copy.jpg,sitagliptin 50 MG
sitagliptin 50 MG (21) - Copy.jpg,sitagliptin 50 MG
sitagliptin 50 MG (22) - Copy.jpg,sitagliptin 50 MG
sitagliptin 50 MG (23) - Copy.jpg,sitagliptin 50 MG
sitagliptin 50 MG (24) - Copy.jpg,sitagliptin 50 MG
sitagliptin 50 MG (25) - Copy.jpg,sitagliptin 50 MG
sitagliptin 50 MG (26) - Copy.jpg,sitagliptin 50 MG
sitagliptin 50 MG (3) - Copy - Copy.jpg,sitagliptin 50 MG
sitagliptin 50 MG (3) - Copy.jpg,sitagliptin 50 MG
sitagliptin 50 MG (3).jpg,sitagliptin 50 MG
sitagliptin 50 MG (4) - Copy - Copy.jpg,sitagliptin 50 MG
sitagliptin 50 MG (4) - Copy.jpg,sitagliptin 50 MG
sitagliptin 50 MG (4).jpg,sitagliptin 50 MG
sitagliptin 50 MG (5) - Copy - Copy.jpg,sitagliptin 50 MG
sitagliptin 50 MG (5) - Copy.jpg,sitagliptin 50 MG
sitagliptin 50 MG (5).jpg,sitagliptin 50 MG
sitagliptin 50 MG (6) - Copy - Copy.jpg,sitagliptin 50 MG
sitagliptin 50 MG (6) - Copy.jpg,sitagliptin 50 MG
sitagliptin 50 MG (6).jpg,sitagliptin 50 MG
sitagliptin 50 MG (7) - Copy - Copy.jpg,sitagliptin 50 MG
sitagliptin 50 MG (7) - Copy.jpg,sitagliptin 50 MG
sitagliptin 50 MG (7).jpg,sitagliptin 50 MG
sitagliptin 50 MG (8) - Copy - Copy.jpg,sitagliptin 50 MG
sitagliptin 50 MG (8) - Copy.jpg,sitagliptin 50 MG
sitagliptin 50 MG (8).jpg,sitagliptin 50 MG
sitagliptin 50 MG (9) - Copy - Copy.jpg,sitagliptin 50 MG
sitagliptin 50 MG (9) - Copy.jpg,sitagliptin 50 MG
sitagliptin 50 MG (9).jpg,sitagliptin 50 MG
tadalafil 5 MG (1) - Copy - Copy.jpg,tadalafil 5 MG
tadalafil 5 MG (1) - Copy.jpg,tadalafil 5 MG
tadalafil 5 MG (1).jpg,tadalafil 5 MG
tadalafil 5 MG (10) - Copy - Copy.jpg,tadalafil 5 MG
tadalafil 5 MG (10) - Copy.jpg,tadalafil 5 MG
tadalafil 5 MG (10).jpg,tadalafil 5 MG
tadalafil 5 MG (11) - Copy - Copy.jpg,tadalafil 5 MG
tadalafil 5 MG (11) - Copy.jpg,tadalafil 5 MG
tadalafil 5 MG (11).jpg,tadalafil 5 MG
tadalafil 5 MG (12) - Copy - Copy.jpg,tadalafil 5 MG
tadalafil 5 MG (12) - Copy.jpg,tadalafil 5 MG
tadalafil 5 MG (12).jpg,tadalafil 5 MG
tadalafil 5 MG (13) - Copy.jpg,tadalafil 5 MG
tadalafil 5 MG (14) - Copy.jpg,tadalafil 5 MG
tadalafil 5 MG (15) - Copy.jpg,tadalafil 5 MG
tadalafil 5 MG (16) - Copy.jpg,tadalafil 5 MG
tadalafil 5 MG (17) - Copy.jpg,tadalafil 5 MG
tadalafil 5 MG (18) - Copy.jpg,tadalafil 5 MG
tadalafil 5 MG (19) - Copy.jpg,tadalafil 5 MG
tadalafil 5 MG (2) - Copy - Copy.jpg,tadalafil 5 MG
tadalafil 5 MG (2) - Copy.jpg,tadalafil 5 MG
tadalafil 5 MG (2).jpg,tadalafil 5 MG
tadalafil 5 MG (20) - Copy.jpg,tadalafil 5 MG
tadalafil 5 MG (21) - Copy.jpg,tadalafil 5 MG
tadalafil 5 MG (22) - Copy.jpg,tadalafil 5 MG
tadalafil 5 MG (23) - Copy.jpg,tadalafil 5 MG
tadalafil 5 MG (24) - Copy.jpg,tadalafil 5 MG
tadalafil 5 MG (3) - Copy - Copy.jpg,tadalafil 5 MG
tadalafil 5 MG (3) - Copy.jpg,tadalafil 5 MG
tadalafil 5 MG (3).jpg,tadalafil 5 MG
tadalafil 5 MG (4) - Copy - Copy.jpg,tadalafil 5 MG
tadalafil 5 MG (4) - Copy.jpg,tadalafil 5 MG
tadalafil 5 MG (4).jpg,tadalafil 5 MG
tadalafil 5 MG (5) - Copy - Copy.jpg,tadalafil 5 MG
tadalafil 5 MG (5) - Copy.jpg,tadalafil 5 MG
tadalafil 5 MG (5).jpg,tadalafil 5 MG
tadalafil 5 MG (6) - Copy - Copy.jpg,tadalafil 5 MG
tadalafil 5 MG (6) - Copy.jpg,tadalafil 5 MG
tadalafil 5 MG (6).jpg,tadalafil 5 MG
tadalafil 5 MG (7) - Copy - Copy.jpg,tadalafil 5 MG
tadalafil 5 MG (7) - Copy.jpg,tadalafil 5 MG
tadalafil 5 MG (7).jpg,tadalafil 5 MG
tadalafil 5 MG (8) - Copy - Copy.jpg,tadalafil 5 MG
tadalafil 5 MG (8) - Copy.jpg,tadalafil 5 MG
tadalafil 5 MG (8).jpg,tadalafil 5 MG
tadalafil 5 MG (9) - Copy - Copy.jpg,tadalafil 5 MG
tadalafil 5 MG (9) - Copy.jpg,tadalafil 5 MG
tadalafil 5 MG (9).jpg,tadalafil 5 MG
